motif_id	motif_alt_id	sequence_name	start	stop	strand	score	p-value	q-value	matched_sequence
MA1596.1	ZNF460	chr15:60402783-60404883	1539	1554	-	23.9011	6.29e-09	2.62e-05	ACCTCCGCCTCCCGGG
MA1596.1	ZNF460	chr15:60402783-60404883	1507	1522	-	19.1978	1.97e-07	0.000409	GCCTCAGTCTCCCAAG
MA1125.1	ZNF384	chr15:60402783-60404883	1620	1631	+	16.3617	5.96e-07	0.000586	AAAAAAAAAAAA
MA1125.1	ZNF384	chr15:60402783-60404883	1621	1632	+	16.3617	5.96e-07	0.000586	AAAAAAAAAAAA
MA1125.1	ZNF384	chr15:60402783-60404883	1622	1633	+	16.3617	5.96e-07	0.000586	AAAAAAAAAAAA
MA1125.1	ZNF384	chr15:60402783-60404883	1618	1629	+	16.1277	7.75e-07	0.000586	TCAAAAAAAAAA
MA0861.1	TP73	chr15:60402783-60404883	755	772	-	17.3077	9.09e-07	0.00379	TCCATGTCAGAACATGTT
MA0681.2	PHOX2B	chr15:60402783-60404883	688	703	+	16.952	9.29e-07	0.00254	CTAAATTAAATTAATT
MA0525.2	TP63	chr15:60402783-60404883	755	772	+	14.1207	9.61e-07	0.00374	AACATGTTCTGACATGGA
MA0495.3	MAFF	chr15:60402783-60404883	641	656	+	16.344	1.25e-06	0.00435	ATATCAGCATTTTAAG
MA1125.1	ZNF384	chr15:60402783-60404883	1616	1627	+	15.7872	1.37e-06	0.000829	TCTCAAAAAAAA
MA0861.1	TP73	chr15:60402783-60404883	755	772	+	15.9808	2.09e-06	0.00435	AACATGTTCTGACATGGA
MA0715.1	PROP1	chr15:60402783-60404883	690	700	-	15.4697	2.38e-06	0.00466	TAATTTAATTT
MA1125.1	ZNF384	chr15:60402783-60404883	1619	1630	+	15.4255	2.5e-06	0.00126	CAAAAAAAAAAA
MA1539.1	NR2F6(var.3)	chr15:60402783-60404883	2008	2022	-	14.2308	2.67e-06	0.00591	CAGGTCACTCACCCT
MA1539.1	NR2F6(var.3)	chr15:60402783-60404883	2008	2022	+	14.0962	2.83e-06	0.00591	AGGGTGAGTGACCTG
MA0867.2	SOX4	chr15:60402783-60404883	411	420	-	14.2308	2.86e-06	0.0114	GAACAAAGGC
MA0715.1	PROP1	chr15:60402783-60404883	690	700	+	15.3788	3.1e-06	0.00466	AAATTAAATTA
MA0146.2	Zfx	chr15:60402783-60404883	1985	1998	-	15.2424	3.24e-06	0.0135	TAGGCCGAGGCCTG
MA1594.1	ZNF382	chr15:60402783-60404883	1869	1892	+	11.68	3.28e-06	0.0126	TGGAGACATTTCTACTGGTACCTT
MA0659.2	MAFG	chr15:60402783-60404883	641	655	+	15.0991	3.64e-06	0.0115	ATATCAGCATTTTAA
MA0525.2	TP63	chr15:60402783-60404883	755	772	-	9.96552	3.72e-06	0.00724	TCCATGTCAGAACATGTT
MA0713.1	PHOX2A	chr15:60402783-60404883	690	700	-	14.66	4.05e-06	0.014	TAATTTAATTT
MA1146.1	NR1H4::RXRA	chr15:60402783-60404883	2008	2022	-	14.7153	4.1e-06	0.0171	CAGGTCACTCACCCT
MA0768.1	LEF1	chr15:60402783-60404883	1415	1429	+	14.5806	4.24e-06	0.0157	AAAGATAAAAGCATT
MA0106.3	TP53	chr15:60402783-60404883	755	772	-	13.4	4.45e-06	0.0141	TCCATGTCAGAACATGTT
MA1125.1	ZNF384	chr15:60402783-60404883	1125	1136	+	14.9149	4.65e-06	0.00201	ATAGAAAAAAAA
MA0138.2	REST	chr15:60402783-60404883	2070	2090	-	12.17	4.76e-06	0.0198	GTCAGCACCAGGGAGCACAGC
MA0135.1	Lhx3	chr15:60402783-60404883	692	704	-	14.97	5.5e-06	0.0152	AAATTAATTTAAT
MA1654.1	ZNF16	chr15:60402783-60404883	1729	1751	+	10.3226	5.92e-06	0.0246	AGGAGGGAGCCATGGTGGCCAAG
MA1587.1	ZNF135	chr15:60402783-60404883	1540	1553	-	13.73	6.24e-06	0.026	CCTCCGCCTCCCGG
MA0659.2	MAFG	chr15:60402783-60404883	978	992	+	14.3964	6.4e-06	0.0115	AACTCAGCACATTTT
MA0495.3	MAFF	chr15:60402783-60404883	978	993	+	14.32	6.43e-06	0.0112	AACTCAGCACATTTTA
MA0146.2	Zfx	chr15:60402783-60404883	1985	1998	+	14.5455	6.75e-06	0.0141	CAGGCCTCGGCCTA
MA0106.3	TP53	chr15:60402783-60404883	755	772	+	12.48	6.79e-06	0.0141	AACATGTTCTGACATGGA
MA0813.1	TFAP2B(var.3)	chr15:60402783-60404883	194	206	+	14.7419	6.81e-06	0.0284	AGCCCTTCAGGCA
MA1538.1	NR2F1(var.3)	chr15:60402783-60404883	2008	2022	+	13.2909	7.07e-06	0.0295	AGGGTGAGTGACCTG
MA1125.1	ZNF384	chr15:60402783-60404883	1314	1325	-	14.5319	7.21e-06	0.00273	AGTTAAAAAAAA
MA1534.1	NR1I3	chr15:60402783-60404883	124	132	+	13.7021	7.63e-06	0.0319	GTGAACTTT
MA0122.3	Nkx3-2	chr15:60402783-60404883	1277	1289	-	14.14	7.96e-06	0.0273	ATAGACACTTAAT
MA0046.2	HNF1A	chr15:60402783-60404883	271	285	-	13.7013	8.39e-06	0.0261	AATTAAAAAATAACA
MA0625.1	NFATC3	chr15:60402783-60404883	1067	1076	+	12.5	9.54e-06	0.0376	TTTTTCCATC
MA0065.2	Pparg::Rxra	chr15:60402783-60404883	125	139	-	13.5357	9.78e-06	0.0402	ATGAGGCAAAGTTCA
MA1155.1	ZSCAN4	chr15:60402783-60404883	703	717	-	9.62069	9.89e-06	0.0407	AACACATACTCTAAA
MA0480.1	Foxo1	chr15:60402783-60404883	81	91	+	14.1897	1e-05	0.0382	TCCTGTTTTCC
MA0135.1	Lhx3	chr15:60402783-60404883	695	707	+	13.82	1.02e-05	0.0152	AAATTAATTTTAG
MA1651.1	ZFP42	chr15:60402783-60404883	1729	1749	-	13.4778	1.05e-05	0.0434	TGGCCACCATGGCTCCCTCCT
MA1152.1	SOX15	chr15:60402783-60404883	1046	1055	+	12.5766	1.05e-05	0.0367	CTATTGTTTC
MA1147.1	NR4A2::RXRA	chr15:60402783-60404883	2008	2022	-	13.5714	1.05e-05	0.0439	CAGGTCACTCACCCT
MA0052.4	MEF2A	chr15:60402783-60404883	229	243	+	13.5766	1.07e-05	0.0329	TTTTAAAAATATACC
MA1607.1	Foxl2	chr15:60402783-60404883	1451	1464	-	13.6587	1.1e-05	0.0361	AATATGAAAACACA
MA1125.1	ZNF384	chr15:60402783-60404883	1313	1324	-	14.0426	1.11e-05	0.00364	GTTAAAAAAAAT
MA0738.1	HIC2	chr15:60402783-60404883	897	905	+	12	1.14e-05	0.0479	ATGCCCACT
MA0845.1	FOXB1	chr15:60402783-60404883	152	162	+	13.6538	1.17e-05	0.0388	AGAGTAAATAT
MA0898.1	Hmx3	chr15:60402783-60404883	275	291	-	13.506	1.17e-05	0.0386	CCAACAAATTAAAAAAT
MA0117.2	Mafb	chr15:60402783-60404883	642	653	-	13.4835	1.19e-05	0.0246	AAAATGCTGATA
MA1125.1	ZNF384	chr15:60402783-60404883	1617	1628	+	13.9787	1.2e-05	0.00364	CTCAAAAAAAAA
MA0624.1	NFATC1	chr15:60402783-60404883	1067	1076	+	11.632	1.24e-05	0.0494	TTTTTCCATC
MA0117.2	Mafb	chr15:60402783-60404883	979	990	-	13.3846	1.28e-05	0.0246	AATGTGCTGAGT
MA0681.2	PHOX2B	chr15:60402783-60404883	691	706	-	13.064	1.31e-05	0.0179	TAAAATTAATTTAATT
MA1421.1	TCF7L1	chr15:60402783-60404883	1415	1426	+	12.8816	1.39e-05	0.0557	AAAGATAAAAGC
MA0601.1	Arid3b	chr15:60402783-60404883	694	704	-	12.8387	1.43e-05	0.0411	AAATTAATTTA
MA0116.1	Znf423	chr15:60402783-60404883	662	676	-	9.46667	1.48e-05	0.0617	GCCACCTAGGGTGTT
MA1538.1	NR2F1(var.3)	chr15:60402783-60404883	2008	2022	-	11.7091	1.51e-05	0.0314	CAGGTCACTCACCCT
MA0145.3	TFCP2	chr15:60402783-60404883	1697	1706	-	13.3788	1.53e-05	0.0355	AATCCGGTTC
MA0077.1	SOX9	chr15:60402783-60404883	1046	1054	+	12.8434	1.53e-05	0.0531	CTATTGTTT
MA0032.2	FOXC1	chr15:60402783-60404883	152	162	+	13.4	1.55e-05	0.0541	AGAGTAAATAT
MA1125.1	ZNF384	chr15:60402783-60404883	1623	1634	+	13.6596	1.57e-05	0.00431	AAAAAAAAAAAG
MA0159.1	RARA::RXRA	chr15:60402783-60404883	125	141	-	12.65	1.69e-05	0.0706	GGATGAGGCAAAGTTCA
MA1602.1	ZSCAN29	chr15:60402783-60404883	1757	1768	+	13.129	1.77e-05	0.074	TGTCTACACGCC
MA1119.1	SIX2	chr15:60402783-60404883	873	888	+	12.768	1.78e-05	0.0636	TTATGAAAACTGATTT
MA0145.3	TFCP2	chr15:60402783-60404883	1697	1706	+	13.2273	1.81e-05	0.0355	GAACCGGATT
MA0442.2	SOX10	chr15:60402783-60404883	411	421	-	13.2	1.86e-05	0.0708	TGAACAAAGGC
MA0897.1	Hmx2	chr15:60402783-60404883	275	291	-	12.747	1.87e-05	0.0636	CCAACAAATTAAAAAAT
MA0790.1	POU4F1	chr15:60402783-60404883	1252	1265	+	12.752	1.88e-05	0.0284	CTGCATTTTGAATG
MA0790.1	POU4F1	chr15:60402783-60404883	1426	1439	-	12.752	1.88e-05	0.0284	CTGCATTTTGAATG
MA0142.1	Pou5f1::Sox2	chr15:60402783-60404883	1143	1157	-	12.4955	1.88e-05	0.0619	TATTGTATTGCAGAA
MA0090.3	TEAD1	chr15:60402783-60404883	92	104	-	13.128	1.89e-05	0.0746	GGGCATTCCAGCA
MA0619.1	LIN54	chr15:60402783-60404883	1307	1315	+	12.9516	1.91e-05	0.0331	TTTTGAATT
MA0619.1	LIN54	chr15:60402783-60404883	1376	1384	-	12.9516	1.91e-05	0.0331	TTTTGAATT
MA0842.2	NRL	chr15:60402783-60404883	642	654	-	12.8085	1.94e-05	0.0448	TAAAATGCTGATA
MA0769.2	TCF7	chr15:60402783-60404883	554	564	+	13.12	1.98e-05	0.0704	CCCTTTGATGC
MA1592.1	ZNF274	chr15:60402783-60404883	483	498	+	11.7447	2.07e-05	0.0823	AATGGGAATTCTCAGA
MA0681.2	PHOX2B	chr15:60402783-60404883	687	702	-	12.28	2.08e-05	0.019	ATTAATTTAATTTAGC
MA1525.1	NFATC4	chr15:60402783-60404883	1067	1076	-	12.6364	2.1e-05	0.0856	GATGGAAAAA
MA0606.1	NFAT5	chr15:60402783-60404883	1067	1076	+	12.6774	2.1e-05	0.0799	TTTTTCCATC
MA1615.1	Plagl1	chr15:60402783-60404883	1652	1664	-	12.8056	2.1e-05	0.0877	GTCTGGGGCCGGG
MA0484.2	HNF4G	chr15:60402783-60404883	123	135	-	12.6875	2.11e-05	0.0848	GGCAAAGTTCACC
MA0901.2	HOXB13	chr15:60402783-60404883	1205	1218	+	12.608	2.24e-05	0.034	ATGAAATAAAATAT
MA0901.2	HOXB13	chr15:60402783-60404883	1473	1486	-	12.608	2.24e-05	0.034	ATGAAATAAAATAT
MA0114.4	HNF4A	chr15:60402783-60404883	123	135	-	12.5556	2.25e-05	0.0893	GGCAAAGTTCACC
MA0112.3	ESR1	chr15:60402783-60404883	1550	1566	+	4.83333	2.32e-05	0.0967	GAGGTTGCGGTGAGCCG
MA1125.1	ZNF384	chr15:60402783-60404883	1126	1137	+	13.2128	2.32e-05	0.00574	TAGAAAAAAAAC
MA0135.1	Lhx3	chr15:60402783-60404883	690	702	+	11.99	2.37e-05	0.0237	AAATTAAATTAAT
MA0842.2	NRL	chr15:60402783-60404883	979	991	-	12.4043	2.4e-05	0.0448	AAATGTGCTGAGT
MA0857.1	Rarb	chr15:60402783-60404883	1366	1381	+	0.0344828	2.41e-05	0.0998	AAAGTTAAAAAATTCA
MA0713.1	PHOX2A	chr15:60402783-60404883	690	700	+	12.62	2.46e-05	0.0424	AAATTAAATTA
MA1125.1	ZNF384	chr15:60402783-60404883	274	285	-	13.1489	2.47e-05	0.00574	AATTAAAAAATA
MA1523.1	MSANTD3	chr15:60402783-60404883	2011	2020	-	11.9677	2.48e-05	0.0494	GGTCACTCAC
MA0102.4	CEBPA	chr15:60402783-60404883	1140	1153	-	12.4054	2.49e-05	0.0868	GTATTGCAGAATTA
MA1508.1	IKZF1	chr15:60402783-60404883	336	347	-	12.408	2.5e-05	0.0577	CAAAGAGGAAAC
MA1149.1	RARA::RXRG	chr15:60402783-60404883	1922	1939	-	12.2703	2.61e-05	0.109	GGGGGCAGATGAAGGTAA
MA0161.2	NFIC	chr15:60402783-60404883	220	230	+	13.246	2.67e-05	0.111	CTCTTGGCATT
MA0809.2	TEAD4	chr15:60402783-60404883	93	104	-	12.2973	2.7e-05	0.0664	GGGCATTCCAGC
MA1108.2	MXI1	chr15:60402783-60404883	26	35	-	12.28	2.77e-05	0.116	GGCACATGGA
MA1523.1	MSANTD3	chr15:60402783-60404883	1220	1229	-	11.9355	2.77e-05	0.0494	GTTCACTCAA
MA0815.1	TFAP2C(var.3)	chr15:60402783-60404883	194	206	+	12.569	2.82e-05	0.0734	AGCCCTTCAGGCA
MA0070.1	PBX1	chr15:60402783-60404883	136	147	+	12.52	2.85e-05	0.105	TCATCCATCAAG
MA0495.3	MAFF	chr15:60402783-60404883	959	974	+	12.112	2.86e-05	0.0333	GTGTAAGCATCTTATT
MA1508.1	IKZF1	chr15:60402783-60404883	104	115	-	12.24	2.88e-05	0.0577	AAAGCAGGAAAG
MA1147.1	NR4A2::RXRA	chr15:60402783-60404883	2008	2022	+	11.9196	2.9e-05	0.0606	AGGGTGAGTGACCTG
MA0846.1	FOXC2	chr15:60402783-60404883	152	163	+	12.41	3.05e-05	0.109	AGAGTAAATATT
MA0808.1	TEAD3	chr15:60402783-60404883	95	102	-	12.96	3.05e-05	0.0612	GCATTCCA
MA0808.1	TEAD3	chr15:60402783-60404883	2064	2071	-	12.96	3.05e-05	0.0612	GCATTCCA
MA0715.1	PROP1	chr15:60402783-60404883	694	704	+	11.6667	3.05e-05	0.0306	TAAATTAATTT
MA0148.4	FOXA1	chr15:60402783-60404883	153	164	+	12.112	3.08e-05	0.104	GAGTAAATATTA
MA1109.1	NEUROD1	chr15:60402783-60404883	2057	2069	+	12.7477	3.09e-05	0.129	CTACAGATGGAAT
MA0149.1	EWSR1-FLI1	chr15:60402783-60404883	736	753	+	-10.1316	3.09e-05	0.109	GAAAGGAATGGAGTAGAT
MA0513.1	SMAD2::SMAD3::SMAD4	chr15:60402783-60404883	1780	1792	-	12.2097	3.16e-05	0.0635	TTGTCTGCCAACT
MA0601.1	Arid3b	chr15:60402783-60404883	695	705	+	12.1452	3.22e-05	0.0411	AAATTAATTTT
MA0780.1	PAX3	chr15:60402783-60404883	695	704	+	11.1923	3.24e-05	0.0592	AAATTAATTT
MA0780.1	PAX3	chr15:60402783-60404883	695	704	-	11.1923	3.24e-05	0.0592	AAATTAATTT
MA0809.2	TEAD4	chr15:60402783-60404883	2062	2073	-	11.973	3.42e-05	0.0664	CAGCATTCCATC
MA0872.1	TFAP2A(var.3)	chr15:60402783-60404883	194	206	+	12.1774	3.5e-05	0.108	AGCCCTTCAGGCA
MA0815.1	TFAP2C(var.3)	chr15:60402783-60404883	194	206	-	12.1207	3.52e-05	0.0734	TGCCTGAAGGGCT
MA0868.2	SOX8	chr15:60402783-60404883	267	276	-	12.0545	3.72e-05	0.0638	ATAACAATGC
MA0838.1	CEBPG	chr15:60402783-60404883	1569	1578	-	11.48	3.72e-05	0.133	GTGGCGCAAT
MA1600.1	ZNF684	chr15:60402783-60404883	1997	2014	-	8.5	3.72e-05	0.147	TCACCCTCCAGACCTTTA
MA0729.1	RARA	chr15:60402783-60404883	393	410	-	-6.9697	3.76e-05	0.154	AAGGTAATGCGTTTATGG
MA0465.2	CDX2	chr15:60402783-60404883	1205	1216	+	11.808	3.81e-05	0.0532	ATGAAATAAAAT
MA0465.2	CDX2	chr15:60402783-60404883	1475	1486	-	11.808	3.81e-05	0.0532	ATGAAATAAAAT
MA1642.1	NEUROG2(var.2)	chr15:60402783-60404883	2056	2068	+	12.392	3.88e-05	0.162	CCTACAGATGGAA
MA0791.1	POU4F3	chr15:60402783-60404883	1424	1439	-	11.504	3.88e-05	0.0769	CTGCATTTTGAATGCT
MA0868.2	SOX8	chr15:60402783-60404883	1046	1055	-	12.0364	3.91e-05	0.0638	GAAACAATAG
MA0523.1	TCF7L2	chr15:60402783-60404883	1415	1428	+	12.0182	3.95e-05	0.0909	AAAGATAAAAGCAT
MA0513.1	SMAD2::SMAD3::SMAD4	chr15:60402783-60404883	1947	1959	+	11.8387	3.98e-05	0.0635	GTGCCTGCCACCC
MA1638.1	HAND2	chr15:60402783-60404883	892	901	+	12.3684	4.01e-05	0.168	TACAGATGCC
MA1112.2	NR4A1	chr15:60402783-60404883	550	561	-	11.5045	4.03e-05	0.106	TCAAAGGGCATG
MA0063.2	NKX2-5	chr15:60402783-60404883	1218	1228	-	12.608	4.08e-05	0.0763	TTCACTCAAAA
MA0063.2	NKX2-5	chr15:60402783-60404883	1463	1473	+	12.608	4.08e-05	0.0763	TTCACTCAAAA
MA1656.1	ZNF449	chr15:60402783-60404883	1795	1808	+	11.5225	4.16e-05	0.174	ATGTGCCCAACCTT
MA0897.1	Hmx2	chr15:60402783-60404883	1273	1289	-	11.3735	4.18e-05	0.071	ATAGACACTTAATGAAG
MA0619.1	LIN54	chr15:60402783-60404883	1180	1188	-	12.4194	4.2e-05	0.0486	TTTTGAATA
MA0601.1	Arid3b	chr15:60402783-60404883	441	451	-	11.8387	4.2e-05	0.0411	ATTTTAATTTT
MA0041.1	Foxd3	chr15:60402783-60404883	1209	1220	-	11.9778	4.21e-05	0.0367	AAATATTTTATT
MA0041.1	Foxd3	chr15:60402783-60404883	1471	1482	+	11.9778	4.21e-05	0.0367	AAATATTTTATT
MA0116.1	Znf423	chr15:60402783-60404883	662	676	+	7.58889	4.21e-05	0.0827	AACACCCTAGGTGGC
MA1550.1	PPARD	chr15:60402783-60404883	124	139	-	7.56	4.22e-05	0.176	ATGAGGCAAAGTTCAC
MA0773.1	MEF2D	chr15:60402783-60404883	697	708	-	6.8	4.26e-05	0.135	TCTAAAATTAAT
MA0790.1	POU4F1	chr15:60402783-60404883	1022	1035	+	11.464	4.29e-05	0.0433	ATGAATATTTCAAA
MA0041.1	Foxd3	chr15:60402783-60404883	1261	1272	+	11.9333	4.34e-05	0.0367	GAATGTTTTTAT
MA0898.1	Hmx3	chr15:60402783-60404883	1273	1289	-	11.3976	4.38e-05	0.0721	ATAGACACTTAATGAAG
MA0647.1	GRHL1	chr15:60402783-60404883	1696	1707	+	11.3966	4.44e-05	0.175	AGAACCGGATTG
MA0050.2	IRF1	chr15:60402783-60404883	794	814	-	9.53226	4.45e-05	0.0852	TTCTGCTTGTTCTTTCATTTA
MA0513.1	SMAD2::SMAD3::SMAD4	chr15:60402783-60404883	818	830	-	11.5968	4.57e-05	0.0635	CAGTCTTGCACTT
MA1563.1	SOX18	chr15:60402783-60404883	267	274	-	10.2424	4.58e-05	0.192	AACAATGC
MA0465.2	CDX2	chr15:60402783-60404883	988	999	-	11.592	4.61e-05	0.0532	ATGCAGTAAAAT
MA0050.2	IRF1	chr15:60402783-60404883	1619	1639	-	9.43548	4.62e-05	0.0852	GGAGACTTTTTTTTTTTTTTG
MA0047.3	FOXA2	chr15:60402783-60404883	153	163	+	12.024	4.65e-05	0.157	GAGTAAATATT
MA0713.1	PHOX2A	chr15:60402783-60404883	694	704	+	11.58	4.67e-05	0.0538	TAAATTAATTT
MA0523.1	TCF7L2	chr15:60402783-60404883	553	566	-	11.7273	4.68e-05	0.0909	CTGCATCAAAGGGC
MA1125.1	ZNF384	chr15:60402783-60404883	1312	1323	-	12.2766	4.68e-05	0.0101	TTAAAAAAAATT
MA1114.1	PBX3	chr15:60402783-60404883	2009	2025	+	11.2222	4.69e-05	0.195	GGGTGAGTGACCTGCAA
MA0038.2	GFI1	chr15:60402783-60404883	1562	1573	-	10.7872	4.74e-05	0.17	GCAATCTCGGCT
MA0041.1	Foxd3	chr15:60402783-60404883	157	168	+	11.8	4.75e-05	0.0367	AAATATTATTTT
MA0813.1	TFAP2B(var.3)	chr15:60402783-60404883	194	206	-	11.5806	4.81e-05	0.1	TGCCTGAAGGGCT
MA0670.1	NFIA	chr15:60402783-60404883	221	230	-	12.4667	4.86e-05	0.202	AATGCCAAGA
MA1471.1	BARX2	chr15:60402783-60404883	865	876	+	11.6596	4.92e-05	0.171	ATAAAACATTAT
MA0744.2	SCRT2	chr15:60402783-60404883	366	381	-	11.3063	4.93e-05	0.195	ATAGTAACAGGTACTG
MA1628.1	Zic1::Zic2	chr15:60402783-60404883	88	98	-	12.1807	4.96e-05	0.207	TCCAGCAGGAA
MA0837.1	CEBPE	chr15:60402783-60404883	1569	1578	-	11.9636	4.96e-05	0.15	GTGGCGCAAT
MA1531.1	NR1D1	chr15:60402783-60404883	512	526	+	7.69231	4.98e-05	0.208	AGGGCAATTTGTCAG
MA0855.1	RXRB	chr15:60402783-60404883	125	138	-	1.92727	4.98e-05	0.201	TGAGGCAAAGTTCA
MA1105.2	GRHL2	chr15:60402783-60404883	78	89	-	11.224	5.09e-05	0.198	AAAACAGGATGG
MA0730.1	RARA(var.2)	chr15:60402783-60404883	1922	1938	-	4.43548	5.1e-05	0.212	GGGGCAGATGAAGGTAA
MA0791.1	POU4F3	chr15:60402783-60404883	1252	1267	+	11.024	5.14e-05	0.0769	CTGCATTTTGAATGTT
MA0872.1	TFAP2A(var.3)	chr15:60402783-60404883	194	206	-	11.4516	5.16e-05	0.108	TGCCTGAAGGGCT
MA0896.1	Hmx1	chr15:60402783-60404883	1273	1289	-	11.2651	5.18e-05	0.18	ATAGACACTTAATGAAG
MA0768.1	LEF1	chr15:60402783-60404883	552	566	-	8.98387	5.21e-05	0.0883	CTGCATCAAAGGGCA
MA0466.2	CEBPB	chr15:60402783-60404883	1569	1578	-	11.9	5.25e-05	0.171	GTGGCGCAAT
MA0149.1	EWSR1-FLI1	chr15:60402783-60404883	74	91	-	-11.7105	5.32e-05	0.109	GGAAAACAGGATGGAGGA
MA0727.1	NR3C2	chr15:60402783-60404883	749	765	+	5.93617	5.44e-05	0.227	TAGATCAACATGTTCTG
MA0139.1	CTCF	chr15:60402783-60404883	2071	2089	-	9.66129	5.46e-05	0.227	TCAGCACCAGGGAGCACAG
MA1645.1	NKX2-2	chr15:60402783-60404883	1461	1474	+	11.3175	5.46e-05	0.218	TATTCACTCAAAAT
MA0836.2	CEBPD	chr15:60402783-60404883	1140	1152	-	11.4234	5.47e-05	0.201	TATTGCAGAATTA
MA1532.1	NR1D2	chr15:60402783-60404883	512	526	+	10.8644	5.59e-05	0.215	AGGGCAATTTGTCAG
MA1112.2	NR4A1	chr15:60402783-60404883	98	109	-	10.991	5.66e-05	0.106	GGAAAGGGCATT
MA0069.1	PAX6	chr15:60402783-60404883	11	24	+	10.8901	5.68e-05	0.213	TTCACTCTTCACCG
MA1639.1	MEIS1(var.2)	chr15:60402783-60404883	135	147	+	11.192	5.69e-05	0.187	CTCATCCATCAAG
MA0108.2	TBP	chr15:60402783-60404883	991	1005	-	11.4366	5.78e-05	0.197	GTATAAATGCAGTAA
MA1607.1	Foxl2	chr15:60402783-60404883	1227	1240	+	11.2302	5.79e-05	0.0948	AACATGAAAACACA
MA0593.1	FOXP2	chr15:60402783-60404883	1230	1240	+	11.7424	5.79e-05	0.0915	ATGAAAACACA
MA0593.1	FOXP2	chr15:60402783-60404883	1451	1461	-	11.7424	5.79e-05	0.0915	ATGAAAACACA
MA0113.3	NR3C1	chr15:60402783-60404883	749	765	+	5.86	5.84e-05	0.149	TAGATCAACATGTTCTG
MA0764.2	ETV4	chr15:60402783-60404883	948	957	-	12.2885	5.91e-05	0.247	TCAGGAAGCA
MA0116.1	Znf423	chr15:60402783-60404883	663	677	+	6.97778	5.95e-05	0.0827	ACACCCTAGGTGGCC
MA0153.2	HNF1B	chr15:60402783-60404883	272	284	+	9.86364	5.96e-05	0.188	GTTATTTTTTAAT
MA0052.4	MEF2A	chr15:60402783-60404883	537	551	+	11.027	6.02e-05	0.0545	TACTTAAAATACTCA
MA1683.1	FOXA3	chr15:60402783-60404883	153	163	+	11.2083	6.03e-05	0.212	GAGTAAATATT
MA0856.1	RXRG	chr15:60402783-60404883	125	138	-	2.17021	6.1e-05	0.246	TGAGGCAAAGTTCA
MA0795.1	SMAD3	chr15:60402783-60404883	1757	1766	-	9.70909	6.1e-05	0.255	CGTGTAGACA
MA0680.1	PAX7	chr15:60402783-60404883	695	704	+	9.16364	6.1e-05	0.106	AAATTAATTT
MA0680.1	PAX7	chr15:60402783-60404883	695	704	-	9.16364	6.1e-05	0.106	AAATTAATTT
MA0152.1	NFATC2	chr15:60402783-60404883	1068	1074	+	12.6	6.1e-05	0.121	TTTTCCA
MA0152.1	NFATC2	chr15:60402783-60404883	1643	1649	+	12.6	6.1e-05	0.121	TTTTCCA
MA0498.2	MEIS1	chr15:60402783-60404883	906	912	-	10.4	6.1e-05	0.256	TTGACAG
MA0601.1	Arid3b	chr15:60402783-60404883	689	699	-	11.4839	6.13e-05	0.0451	AATTTAATTTA
MA0497.1	MEF2C	chr15:60402783-60404883	228	242	+	10.8793	6.13e-05	0.121	ATTTTAAAAATATAC
MA0032.2	FOXC1	chr15:60402783-60404883	749	759	+	11.46	6.15e-05	0.107	TAGATCAACAT
MA0142.1	Pou5f1::Sox2	chr15:60402783-60404883	1006	1020	-	10.3964	6.16e-05	0.0619	CTCTGACATGCCAAT
MA0052.4	MEF2A	chr15:60402783-60404883	1180	1194	+	10.973	6.22e-05	0.0545	TATTCAAAATAGGAC
MA0103.3	ZEB1	chr15:60402783-60404883	430	440	+	12.08	6.22e-05	0.26	CTCACCTGGCA
MA0041.1	Foxd3	chr15:60402783-60404883	268	279	+	11.3111	6.24e-05	0.0386	CATTGTTATTTT
MA0859.1	Rarg	chr15:60402783-60404883	1367	1382	+	-1.91489	6.26e-05	0.261	AAGTTAAAAAATTCAA
MA0138.2	REST	chr15:60402783-60404883	108	128	-	5.75	6.43e-05	0.134	TTCACCACTGAGGAAAGCAGG
MA1588.1	ZNF136	chr15:60402783-60404883	1784	1798	-	8.96	6.5e-05	0.239	ACATTCTTGTCTGCC
MA0884.1	DUXA	chr15:60402783-60404883	689	701	-	11.1129	6.53e-05	0.259	TTAATTTAATTTA
MA0685.1	SP4	chr15:60402783-60404883	1647	1663	+	5.03636	6.54e-05	0.273	CCAGCCCCGGCCCCAGA
MA0007.3	Ar	chr15:60402783-60404883	749	765	-	6.98276	6.55e-05	0.262	CAGAACATGTTGATCTA
MA0512.2	Rxra	chr15:60402783-60404883	125	138	-	3.21687	6.56e-05	0.274	TGAGGCAAAGTTCA
MA1124.1	ZNF24	chr15:60402783-60404883	52	64	+	9.216	6.59e-05	0.246	GGCTCATTCATGC
MA0520.1	Stat6	chr15:60402783-60404883	714	728	-	10.8276	6.6e-05	0.135	TCATTCCACTGAACA
MA0515.1	Sox6	chr15:60402783-60404883	1046	1055	+	11.8028	6.68e-05	0.156	CTATTGTTTC
MA0142.1	Pou5f1::Sox2	chr15:60402783-60404883	165	179	+	10.2252	6.75e-05	0.0619	TTTTCTACTGCAGAG
MA0847.2	FOXD2	chr15:60402783-60404883	150	162	+	10.8909	6.86e-05	0.249	TCAGAGTAAATAT
MA1121.1	TEAD2	chr15:60402783-60404883	92	104	-	11.045	6.89e-05	0.191	GGGCATTCCAGCA
MA0677.1	Nr2f6	chr15:60402783-60404883	125	138	-	8.68182	6.92e-05	0.289	TGAGGCAAAGTTCA
MA0660.1	MEF2B	chr15:60402783-60404883	697	708	-	5.54545	6.94e-05	0.214	TCTAAAATTAAT
MA0715.1	PROP1	chr15:60402783-60404883	1349	1359	+	9.9697	7.03e-05	0.0529	AAATGGAATTA
MA0858.1	Rarb(var.2)	chr15:60402783-60404883	125	141	-	-2.43939	7.05e-05	0.294	GGATGAGGCAAAGTTCA
MA1600.1	ZNF684	chr15:60402783-60404883	816	833	-	6.8871	7.05e-05	0.147	ACACAGTCTTGCACTTAC
MA0105.4	NFKB1	chr15:60402783-60404883	1900	1912	+	3.21154	7.07e-05	0.295	AGGGTATCCACCA
MA0481.3	FOXP1	chr15:60402783-60404883	153	163	+	11.0833	7.08e-05	0.24	GAGTAAATATT
MA1115.1	POU5F1	chr15:60402783-60404883	342	352	-	11.04	7.13e-05	0.167	CAATGCAAAGA
MA0497.1	MEF2C	chr15:60402783-60404883	1179	1193	+	10.569	7.14e-05	0.121	CTATTCAAAATAGGA
MA0113.3	NR3C1	chr15:60402783-60404883	749	765	-	5.14	7.15e-05	0.149	CAGAACATGTTGATCTA
MA0142.1	Pou5f1::Sox2	chr15:60402783-60404883	609	623	-	10.1081	7.18e-05	0.0619	TATTGTTATGGTCAC
MA0090.3	TEAD1	chr15:60402783-60404883	2061	2073	-	10.768	7.18e-05	0.142	CAGCATTCCATCT
MA0030.1	FOXF2	chr15:60402783-60404883	150	163	+	10.4111	7.22e-05	0.266	TCAGAGTAAATATT
MA0799.1	RFX4	chr15:60402783-60404883	1911	1926	+	9.78788	7.24e-05	0.297	CATCTCCGTGATTACC
MA0124.2	Nkx3-1	chr15:60402783-60404883	1278	1286	-	11.5273	7.25e-05	0.297	GACACTTAA
MA0619.1	LIN54	chr15:60402783-60404883	1257	1265	+	11.8065	7.25e-05	0.0504	TTTTGAATG
MA0619.1	LIN54	chr15:60402783-60404883	1426	1434	-	11.8065	7.25e-05	0.0504	TTTTGAATG
MA1508.1	IKZF1	chr15:60402783-60404883	78	89	-	10.92	7.25e-05	0.0885	AAAACAGGATGG
MA0768.1	LEF1	chr15:60402783-60404883	1262	1276	-	8.09677	7.26e-05	0.0883	GAAGATAAAAACATT
MA0036.3	GATA2	chr15:60402783-60404883	1266	1276	+	11.33	7.3e-05	0.145	TTTTTATCTTC
MA0762.1	ETV2	chr15:60402783-60404883	335	345	-	10.2414	7.34e-05	0.307	AAGAGGAAACA
MA0602.1	Arid5a	chr15:60402783-60404883	1090	1103	-	11.0602	7.36e-05	0.225	TAAATATTTGTATT
MA1125.1	ZNF384	chr15:60402783-60404883	1624	1635	+	11.4468	7.5e-05	0.0151	AAAAAAAAAAGT
MA1152.1	SOX15	chr15:60402783-60404883	412	421	+	11.1351	7.53e-05	0.132	CCTTTGTTCA
MA0159.1	RARA::RXRA	chr15:60402783-60404883	1922	1938	-	9.68	7.55e-05	0.157	GGGGCAGATGAAGGTAA
MA0769.2	TCF7	chr15:60402783-60404883	1335	1345	-	11.68	7.61e-05	0.0833	AACTTTGAAGA
MA0769.2	TCF7	chr15:60402783-60404883	1361	1371	-	11.68	7.61e-05	0.0833	AACTTTGAAGA
MA1574.1	THRB	chr15:60402783-60404883	124	138	-	9.36264	7.88e-05	0.329	TGAGGCAAAGTTCAC
MA0593.1	FOXP2	chr15:60402783-60404883	82	92	-	10.8636	7.89e-05	0.0915	AGGAAAACAGG
MA1581.1	ZBTB6	chr15:60402783-60404883	1530	1542	+	10.6577	7.9e-05	0.33	TCGCTTGAACCCG
MA0627.2	POU2F3	chr15:60402783-60404883	1088	1100	+	10.39	7.92e-05	0.264	AAAATACAAATAT
MA0751.1	ZIC4	chr15:60402783-60404883	663	677	-	10.4423	7.94e-05	0.331	GGCCACCTAGGGTGT
MA0659.2	MAFG	chr15:60402783-60404883	959	973	+	10.4775	8.01e-05	0.0962	GTGTAAGCATCTTAT
MA0515.1	Sox6	chr15:60402783-60404883	412	421	+	11.2254	8.11e-05	0.156	CCTTTGTTCA
MA0909.2	HOXD13	chr15:60402783-60404883	611	621	+	9.01408	8.11e-05	0.327	GACCATAACAA
MA0681.2	PHOX2B	chr15:60402783-60404883	1201	1216	+	9.792	8.14e-05	0.0434	TTTCATGAAATAAAAT
MA0681.2	PHOX2B	chr15:60402783-60404883	1475	1490	-	9.792	8.14e-05	0.0434	TTTCATGAAATAAAAT
MA0496.3	MAFK	chr15:60402783-60404883	974	988	+	10.3787	8.17e-05	0.338	TCTTAACTCAGCACA
MA0520.1	Stat6	chr15:60402783-60404883	387	401	-	10.2931	8.18e-05	0.135	CGTTTATGGAGAAAA
MA0442.2	SOX10	chr15:60402783-60404883	62	72	-	11.67	8.25e-05	0.157	AGTACAAAGCA
MA0754.1	CUX1	chr15:60402783-60404883	1119	1128	+	11.48	8.3e-05	0.289	TTATCAATAG
MA0141.3	ESRRB	chr15:60402783-60404883	909	919	+	7.89655	8.32e-05	0.338	TCAAGATCATT
MA1421.1	TCF7L1	chr15:60402783-60404883	174	185	+	8.71053	8.37e-05	0.167	GCAGAGCAAAGG
MA1534.1	NR1I3	chr15:60402783-60404883	1714	1722	+	11.1915	8.39e-05	0.176	ATGAACTCC
MA1653.1	ZNF148	chr15:60402783-60404883	1540	1551	-	10.25	8.4e-05	0.351	TCCGCCTCCCGG
MA0468.1	DUX4	chr15:60402783-60404883	690	700	-	9.46809	8.42e-05	0.311	TAATTTAATTT
MA0837.1	CEBPE	chr15:60402783-60404883	1569	1578	+	11.0182	8.49e-05	0.15	ATTGCGCCAC
MA0473.3	ELF1	chr15:60402783-60404883	101	114	-	10.36	8.64e-05	0.358	AAGCAGGAAAGGGC
MA0523.1	TCF7L2	chr15:60402783-60404883	61	74	-	10.5273	8.64e-05	0.112	AAAGTACAAAGCAT
MA1589.1	ZNF140	chr15:60402783-60404883	1519	1539	+	4.64835	8.64e-05	0.347	AGGCAGGAGAATCGCTTGAAC
MA0050.2	IRF1	chr15:60402783-60404883	1450	1470	+	7.80645	8.65e-05	0.106	GTGTGTTTTCATATTCACTCA
MA0788.1	POU3F3	chr15:60402783-60404883	641	653	-	10.1868	8.66e-05	0.265	AAAATGCTGATAT
MA0052.4	MEF2A	chr15:60402783-60404883	695	709	-	10.4234	8.69e-05	0.0545	CTCTAAAATTAATTT
MA0687.1	SPIC	chr15:60402783-60404883	77	90	-	10.3662	8.7e-05	0.186	GAAAACAGGATGGA
MA1522.1	MAZ	chr15:60402783-60404883	1541	1551	-	9.46	8.7e-05	0.364	TCCGCCTCCCG
MA0036.3	GATA2	chr15:60402783-60404883	1415	1425	-	11	8.7e-05	0.145	CTTTTATCTTT
MA0679.2	ONECUT1	chr15:60402783-60404883	527	542	+	9.88288	8.75e-05	0.276	TATCTATCAATACTTA
MA0738.1	HIC2	chr15:60402783-60404883	1797	1805	+	10.5818	8.77e-05	0.183	GTGCCCAAC
MA1508.1	IKZF1	chr15:60402783-60404883	86	97	-	10.632	8.83e-05	0.0885	CCAGCAGGAAAA
MA0052.4	MEF2A	chr15:60402783-60404883	270	284	-	10.3964	8.83e-05	0.0545	ATTAAAAAATAACAA
MA0466.2	CEBPB	chr15:60402783-60404883	1569	1578	+	10.64	8.87e-05	0.171	ATTGCGCCAC
MA0846.1	FOXC2	chr15:60402783-60404883	1451	1462	-	10.82	8.93e-05	0.16	TATGAAAACACA
MA0514.1	Sox3	chr15:60402783-60404883	1046	1055	+	11.069	8.96e-05	0.184	CTATTGTTTC
MA1104.2	GATA6	chr15:60402783-60404883	1415	1427	-	10.704	9e-05	0.149	TGCTTTTATCTTT
MA1104.2	GATA6	chr15:60402783-60404883	1264	1276	+	10.688	9.08e-05	0.149	TGTTTTTATCTTC
MA0774.1	MEIS2	chr15:60402783-60404883	905	912	-	11.431	9.16e-05	0.382	TTGACAGA
MA0914.1	ISL2	chr15:60402783-60404883	1278	1285	-	10.2679	9.16e-05	0.32	ACACTTAA
MA0739.1	Hic1	chr15:60402783-60404883	897	905	+	10.8462	9.16e-05	0.382	ATGCCCACT
MA0131.2	HINFP	chr15:60402783-60404883	1545	1556	-	10.4242	9.21e-05	0.385	CAACCTCCGCCT
MA1118.1	SIX1	chr15:60402783-60404883	379	389	-	10.448	9.23e-05	0.167	AAAATCTGATA
MA0514.1	Sox3	chr15:60402783-60404883	412	421	+	11.0172	9.25e-05	0.184	CCTTTGTTCA
MA0713.1	PHOX2A	chr15:60402783-60404883	1349	1359	+	10.56	9.3e-05	0.0802	AAATGGAATTA
MA0625.1	NFATC3	chr15:60402783-60404883	1642	1651	+	10.76	9.35e-05	0.184	TTTTTCCAGC
MA0769.2	TCF7	chr15:60402783-60404883	1322	1332	+	11.272	9.37e-05	0.0833	AACTTTGAATT
MA1118.1	SIX1	chr15:60402783-60404883	877	887	+	10.4	9.39e-05	0.167	GAAAACTGATT
MA1110.1	NR1H4	chr15:60402783-60404883	2012	2022	+	10.3636	9.39e-05	0.357	TGAGTGACCTG
MA0901.2	HOXB13	chr15:60402783-60404883	986	999	-	10.152	9.4e-05	0.0954	ATGCAGTAAAATGT
MA0063.2	NKX2-5	chr15:60402783-60404883	1276	1286	-	10.448	9.42e-05	0.118	GACACTTAATG
MA0517.1	STAT1::STAT2	chr15:60402783-60404883	1623	1637	-	8.5	9.44e-05	0.357	AGACTTTTTTTTTTT
MA1121.1	TEAD2	chr15:60402783-60404883	2061	2073	-	10.4505	9.47e-05	0.191	CAGCATTCCATCT
MA1115.1	POU5F1	chr15:60402783-60404883	1089	1099	+	10.6	9.51e-05	0.167	AAATACAAATA
MA0681.2	PHOX2B	chr15:60402783-60404883	692	707	+	9.488	9.52e-05	0.0434	ATTAAATTAATTTTAG
MA0084.1	SRY	chr15:60402783-60404883	269	277	-	10.6667	9.54e-05	0.16	AATAACAAT
MA0084.1	SRY	chr15:60402783-60404883	614	622	+	10.6667	9.54e-05	0.16	CATAACAAT
MA0768.1	LEF1	chr15:60402783-60404883	409	423	-	7.35484	9.54e-05	0.0883	TATGAACAAAGGCAA
MA0687.1	SPIC	chr15:60402783-60404883	335	348	-	10.1972	9.56e-05	0.186	GCAAAGAGGAAACA
MA0095.2	YY1	chr15:60402783-60404883	74	85	-	9.88462	9.56e-05	0.392	CAGGATGGAGGA
MA0755.1	CUX2	chr15:60402783-60404883	1119	1128	+	10.85	9.63e-05	0.339	TTATCAATAG
MA0089.2	NFE2L1	chr15:60402783-60404883	842	857	-	7.63333	9.68e-05	0.361	ATCGTAACTTAGCAAT
MA0715.1	PROP1	chr15:60402783-60404883	1349	1359	-	9.36364	9.68e-05	0.0582	TAATTCCATTT
MA0507.1	POU2F2	chr15:60402783-60404883	1196	1208	+	8.87931	9.71e-05	0.168	GTATTTTTCATGA
MA0507.1	POU2F2	chr15:60402783-60404883	1483	1495	-	8.87931	9.71e-05	0.168	GTATTTTTCATGA
MA1587.1	ZNF135	chr15:60402783-60404883	1508	1521	-	7.66	9.72e-05	0.203	CCTCAGTCTCCCAA
MA1533.1	NR1I2	chr15:60402783-60404883	1705	1721	+	9.61039	9.75e-05	0.406	TTGCCATTTATGAACTC
MA1151.1	RORC	chr15:60402783-60404883	1184	1195	+	10.6126	9.77e-05	0.373	CAAAATAGGACA
MA0600.2	RFX2	chr15:60402783-60404883	608	623	-	4.73239	9.81e-05	0.382	TATTGTTATGGTCACG
MA1114.1	PBX3	chr15:60402783-60404883	1975	1991	+	9.97917	9.85e-05	0.205	CAGAGACTGGCAGGCCT
MA1636.1	CEBPG(var.2)	chr15:60402783-60404883	1566	1580	-	9.88288	9.87e-05	0.355	CAGTGGCGCAATCTC
MA1120.1	SOX13	chr15:60402783-60404883	265	275	-	11.032	9.89e-05	0.374	TAACAATGCGA
MA1557.1	SMAD5	chr15:60402783-60404883	1757	1766	-	10.1558	9.92e-05	0.415	CGTGTAGACA
MA0511.2	RUNX2	chr15:60402783-60404883	1554	1562	-	10.9423	9.92e-05	0.415	TCACCGCAA
MA0606.1	NFAT5	chr15:60402783-60404883	1198	1207	+	10.6774	9.92e-05	0.126	ATTTTTCATG
MA0606.1	NFAT5	chr15:60402783-60404883	1484	1493	-	10.6774	9.92e-05	0.126	ATTTTTCATG
MA0778.1	NFKB2	chr15:60402783-60404883	1900	1912	-	7.8169	9.92e-05	0.414	TGGTGGATACCCT
MA0791.1	POU4F3	chr15:60402783-60404883	1022	1037	+	9.848	9.94e-05	0.0991	ATGAATATTTCAAACC
MA0696.1	ZIC1	chr15:60402783-60404883	664	677	-	6.21277	9.94e-05	0.415	GGCCACCTAGGGTG

# FIMO (Find Individual Motif Occurrences): Version 5.4.1 compiled on Jan 29 2022 at 18:17:16
# The format of this file is described at https://meme-suite.org/meme/doc/fimo-output-format.html.
# fimo --bgfile motif-file --oc ./output_p2g_male-bc/bam_subset_archr/fimo/4CC61L_ANXA2_promoter_fimo /home/hkim77/share/bio/protein/tf_motif_database/jaspar/jaspar2020/JASPAR2020_CORE_vertebrates_non-redundant_pfms_meme.meme ./output_p2g_male-bc/bam_subset_archr/fa/4CC61L_ANXA2_promoter.fa
